{"cameraMode":{"drawMode":0,"name":"Shaded","section":"Shading Mode"},"sceneLighting":true,"audioPlay":false,"sceneViewState":{"m_AlwaysRefresh":false,"showFog":true,"showSkybox":true,"showFlares":true,"showImageEffects":true,"showParticleSystems":true,"showVisualEffectGraphs":true,"m_FxEnabled":true},"in2DMode":false,"pivot":{"x":34.51164245605469,"y":7.5823469161987309,"z":4.520938873291016},"rotation":{"x":0.02866709604859352,"y":0.8461272716522217,"z":-0.04574267566204071,"w":0.5302438735961914},"size":11.290054321289063,"orthographic":false}