{"cameraMode":{"drawMode":0,"name":"Shaded","section":"Shading Mode"},"sceneLighting":true,"audioPlay":false,"sceneViewState":{"m_AlwaysRefresh":false,"showFog":true,"showSkybox":true,"showFlares":true,"showImageEffects":true,"showParticleSystems":true,"showVisualEffectGraphs":true,"m_FxEnabled":true},"in2DMode":false,"pivot":{"x":28.741779327392579,"y":-12.73124885559082,"z":11.644269943237305},"rotation":{"x":-0.12833794951438905,"y":0.016969803720712663,"z":-0.002198840957134962,"w":-0.9915965795516968},"size":6.4505934715271,"orthographic":false}